Topic,Subtopic,Total tagged documents
/topic/working-sea,/topic/working-sea/health-safety,21
/topic/working-sea,/topic/working-sea/maritime-safety,18
/topic/working-sea,/topic/working-sea/medical-certification,6
/topic/working-sea,/topic/working-sea/training-certification,23
/topic/work-careers,/topic/work-careers/government-graduate-schemes,4
/topic/work-careers,/topic/work-careers/public-service-pensions,2
/topic/work-careers,/topic/work-careers/secondments-with-government,2
/topic/work-careers,/topic/work-careers/trade-unions,1
/topic/immigration-operational-guidance,/topic/immigration-operational-guidance/asylum-policy,7
/topic/immigration-operational-guidance,/topic/immigration-operational-guidance/commerical-casework-guidance,1
/topic/immigration-operational-guidance,/topic/immigration-operational-guidance/enforcement,10
/topic/immigration-operational-guidance,/topic/immigration-operational-guidance/entry-clearance-guidance,14
/topic/immigration-operational-guidance,/topic/immigration-operational-guidance/fees-forms,3
/topic/immigration-operational-guidance,/topic/immigration-operational-guidance/immigration-directorate-instructions,18
/topic/immigration-operational-guidance,/topic/immigration-operational-guidance/immigration-rules,1
/topic/immigration-operational-guidance,/topic/immigration-operational-guidance/modernised-guidance,15
/topic/immigration-operational-guidance,/topic/immigration-operational-guidance/nationality-instructions,2
/topic/immigration-operational-guidance,/topic/immigration-operational-guidance/non-compliance-biometric-registration,1
/topic/immigration-operational-guidance,/topic/immigration-operational-guidance/rights-responsibilities,2
/topic/immigration-operational-guidance,/topic/immigration-operational-guidance/sponsorship,4
/topic/immigration-operational-guidance,/topic/immigration-operational-guidance/stateless-guidance,1
/topic/immigration-operational-guidance,/topic/immigration-operational-guidance/visitors,3
/topic/transport,/topic/transport/driver-cpc,28
/topic/transport,/topic/transport/motorways-major-roads,27
/topic/transport,/topic/transport/planning-infrastructure,8
/topic/transport,/topic/transport/regulations-safety-security,5
/topic/transport,/topic/transport/traffic-road-management,5
/topic/transport,/topic/transport/environment,2
/topic/transport,/topic/transport/transporting-goods,21
/topic/ships-cargoes,/topic/ships-cargoes/cargo-safety,7
/topic/ships-cargoes,/topic/ships-cargoes/construction-maintenance-operation,41
/topic/ships-cargoes,/topic/ships-cargoes/emergency-life-saving-equipment,2
/topic/ships-cargoes,/topic/ships-cargoes/high-speed-craft,1
/topic/ships-cargoes,/topic/ships-cargoes/hydrography,2
/topic/ships-cargoes,/topic/ships-cargoes/inland-waterways,4
/topic/ships-cargoes,/topic/ships-cargoes/large-yachts,6
/topic/ships-cargoes,/topic/ships-cargoes/m-notices,11
/topic/ships-cargoes,/topic/ships-cargoes/maritime-passenger-rights,5
/topic/ships-cargoes,/topic/ships-cargoes/pollution-prevention,9
/topic/ships-cargoes,/topic/ships-cargoes/ship-registration,3
/topic/ships-cargoes,/topic/ships-cargoes/shipping-dangerous-goods,4
/topic/ships-cargoes,/topic/ships-cargoes/surveys-inspections,8
/topic/running-charity,/topic/running-charity/money-accounts,95
/topic/running-charity,/topic/running-charity/fundraising,27
/topic/running-charity,/topic/running-charity/managing-charity,116
/topic/running-charity,/topic/running-charity/setting-up,45
/topic/running-charity,/topic/running-charity/staff-volunteers,7
/topic/running-charity,/topic/running-charity/trustee-role-board,33
/topic/running-charity,/topic/running-charity/charitys-work,59
/topic/schools-colleges-childrens-services,/topic/schools-colleges-childrens-services/support-for-children-young-people,36
/topic/schools-colleges-childrens-services,/topic/schools-colleges-childrens-services/special-educational-needs-disabilities,29
/topic/schools-colleges-childrens-services,/topic/schools-colleges-childrens-services/school-college-funding-finance,33
/topic/schools-colleges-childrens-services,/topic/schools-colleges-childrens-services/school-careers-employment,19
/topic/schools-colleges-childrens-services,/topic/schools-colleges-childrens-services/school-behaviour-attendance,18
/topic/schools-colleges-childrens-services,/topic/schools-colleges-childrens-services/safeguarding-children,31
/topic/schools-colleges-childrens-services,/topic/schools-colleges-childrens-services/running-school-college,51
/topic/schools-colleges-childrens-services,/topic/schools-colleges-childrens-services/opening-academy-free-school,15
/topic/schools-colleges-childrens-services,/topic/schools-colleges-childrens-services/looked-after-children,38
/topic/schools-colleges-childrens-services,/topic/schools-colleges-childrens-services/inspections,32
/topic/schools-colleges-childrens-services,/topic/schools-colleges-childrens-services/exams-testing-assessment,81
/topic/schools-colleges-childrens-services,/topic/schools-colleges-childrens-services/early-years,24
/topic/schools-colleges-childrens-services,/topic/schools-colleges-childrens-services/data-collection-statistical-returns,53
/topic/schools-colleges-childrens-services,/topic/schools-colleges-childrens-services/curriculum-qualifications,60
/topic/schools-colleges-childrens-services,/topic/schools-colleges-childrens-services/adoption-fostering,16
/topic/public-safety-emergencies,/topic/public-safety-emergencies/emergencies-preparation-response-recovery,23
/topic/producing-distributing-food,/topic/producing-distributing-food/crops-horticulture,26
/topic/producing-distributing-food,/topic/producing-distributing-food/dairy-milk-production,10
/topic/producing-distributing-food,/topic/producing-distributing-food/egg-production-marketing,6
/topic/producing-distributing-food,/topic/producing-distributing-food/food-labelling,12
/topic/producing-distributing-food,/topic/producing-distributing-food/import-export,14
/topic/producing-distributing-food,/topic/producing-distributing-food/meat-production,14
/topic/producing-distributing-food,/topic/producing-distributing-food/sugar,1
/topic/prisons-probation,/topic/prisons-probation/information-suppliers,0
/topic/prisons-probation,/topic/prisons-probation/mappa,0
/topic/prisons-probation,/topic/prisons-probation/operational-guidance,0
/topic/prisons-probation,/topic/prisons-probation/healthcare,4
/topic/population-screening-programmes,/topic/population-screening-programmes/abdominal-aortic-aneurysm,7
/topic/population-screening-programmes,/topic/population-screening-programmes/bowel,6
/topic/population-screening-programmes,/topic/population-screening-programmes/breast,5
/topic/population-screening-programmes,/topic/population-screening-programmes/cervical,6
/topic/population-screening-programmes,/topic/population-screening-programmes/diabetic-eye,9
/topic/population-screening-programmes,/topic/population-screening-programmes/fetal-anomaly,11
/topic/population-screening-programmes,/topic/population-screening-programmes/infectious-diseases-in-pregnancy,8
/topic/population-screening-programmes,/topic/population-screening-programmes/newborn-infant-physical-examination,10
/topic/population-screening-programmes,/topic/population-screening-programmes/newborn-blood-spot,9
/topic/population-screening-programmes,/topic/population-screening-programmes/newborn-hearing,9
/topic/population-screening-programmes,/topic/population-screening-programmes/sickle-cell-thalassaemia,13
/topic/population-screening-programmes,/topic/population-screening-programmes/screening-quality-assurance,17
/topic/planning-development,/topic/planning-development/public-sector-land-use,2
/topic/planning-development,/topic/planning-development/protected-sites-species,36
/topic/planning-development,/topic/planning-development/planning-permission-appeals,19
/topic/planning-development,/topic/planning-development/planning-officer-guidance,2
/topic/planning-development,/topic/planning-development/marine-planning,33
/topic/planning-development,/topic/planning-development/marine-licences,35
/topic/planning-development,/topic/planning-development/local-plans,2
/topic/planning-development,/topic/planning-development/landscape,7
/topic/planning-development,/topic/planning-development/harbour-orders,3
/topic/planning-development,/topic/planning-development/environmental-planning,6
/topic/planning-development,/topic/planning-development/byelaws,2
/topic/planning-development,/topic/planning-development/building-regulations,10
/topic/personal-tax,/topic/personal-tax/trusts,26
/topic/personal-tax,/topic/personal-tax/savings-investment-tax,125
/topic/personal-tax,/topic/personal-tax/self-assessment,184
/topic/personal-tax,/topic/personal-tax/non-resident-landlord-scheme,14
/topic/personal-tax,/topic/personal-tax/national-insurance,55
/topic/personal-tax,/topic/personal-tax/living-working-abroad-offshore,190
/topic/personal-tax,/topic/personal-tax/leaving-uk,4
/topic/personal-tax,/topic/personal-tax/inheritance-tax,101
/topic/personal-tax,/topic/personal-tax/income-tax,111
/topic/personal-tax,/topic/personal-tax/foreign-entertainer-rules,8
/topic/personal-tax,/topic/personal-tax/coming-to-uk,3
/topic/personal-tax,/topic/personal-tax/capital-gains-tax,36
/topic/outdoor-access-recreation,/topic/outdoor-access-recreation/rights-of-way-open-access,23
/topic/outdoor-access-recreation,/topic/outdoor-access-recreation/parks-trails-nature-reserves,7
/topic/outdoor-access-recreation,/topic/outdoor-access-recreation/recreation,6
/topic/oil-and-gas,/topic/oil-and-gas/carbon-capture-and-storage,5
/topic/oil-and-gas,/topic/oil-and-gas/environment-reporting-and-regulation,10
/topic/oil-and-gas,/topic/oil-and-gas/exploration-and-production,20
/topic/oil-and-gas,/topic/oil-and-gas/fields-and-wells,4
/topic/oil-and-gas,/topic/oil-and-gas/infrastructure-and-decommissioning,5
/topic/oil-and-gas,/topic/oil-and-gas/finance-and-taxation,38
/topic/oil-and-gas,/topic/oil-and-gas/licensing,12
/topic/oil-and-gas,/topic/oil-and-gas/onshore-oil-and-gas,5
/topic/mot,/topic/mot/run-mot-test-station,26
/topic/mot,/topic/mot/modernisation,19
/topic/mot,/topic/mot/manuals,20
/topic/mot,/topic/mot/forms,14
/topic/mot,/topic/mot/lorry-bus-trailer-annual-test,19
/topic/mot,/topic/mot/get-check-mot,11
/topic/mot,/topic/mot/being-mot-tester,8
/topic/medicines-medical-devices-blood,/topic/medicines-medical-devices-blood/blood-regulation-safety,6
/topic/medicines-medical-devices-blood,/topic/medicines-medical-devices-blood/clinical-trials-investigations,11
/topic/medicines-medical-devices-blood,/topic/medicines-medical-devices-blood/conferences-and-events,2
/topic/medicines-medical-devices-blood,/topic/medicines-medical-devices-blood/good-practice,26
/topic/medicines-medical-devices-blood,/topic/medicines-medical-devices-blood/herbal-homeopathic-medicines,8
/topic/medicines-medical-devices-blood,/topic/medicines-medical-devices-blood/manufacturing-wholesaling-importing-exporting-medicines,15
/topic/medicines-medical-devices-blood,/topic/medicines-medical-devices-blood/marketing-authorisations-variations-licensing,40
/topic/medicines-medical-devices-blood,/topic/medicines-medical-devices-blood/medical-devices-regulation-safety,41
/topic/medicines-medical-devices-blood,/topic/medicines-medical-devices-blood/payment-and-fees,2
/topic/medicines-medical-devices-blood,/topic/medicines-medical-devices-blood/vigilance-safety-alerts,31
/topic/local-government,/topic/local-government/business-rates,13
/topic/local-government,/topic/local-government/council-tax,11
/topic/local-government,/topic/local-government/councils-elections,3
/topic/local-government,/topic/local-government/data-collection-reporting,5
/topic/local-government,/topic/local-government/finance-capital-assets,17
/topic/local-government,/topic/local-government/pensions,13
/topic/local-government,/topic/local-government/services,13
/topic/local-government,/topic/local-government/transparency,17
/topic/local-communities,/topic/local-communities/arts-culture-sport,7
/topic/legal-aid-for-providers,/topic/legal-aid-for-providers/tenders,6
/topic/legal-aid-for-providers,/topic/legal-aid-for-providers/submit-claim,14
/topic/legal-aid-for-providers,/topic/legal-aid-for-providers/payments-processing,7
/topic/legal-aid-for-providers,/topic/legal-aid-for-providers/make-application,6
/topic/legal-aid-for-providers,/topic/legal-aid-for-providers/high-cost-complex-cases,10
/topic/legal-aid-for-providers,/topic/legal-aid-for-providers/forms,55
/topic/legal-aid-for-providers,/topic/legal-aid-for-providers/electronic-working,9
/topic/legal-aid-for-providers,/topic/legal-aid-for-providers/crime,13
/topic/legal-aid-for-providers,/topic/legal-aid-for-providers/contracts,16
/topic/legal-aid-for-providers,/topic/legal-aid-for-providers/civil,22
/topic/legal-aid-for-providers,/topic/legal-aid-for-providers/change,4
/topic/law-justice-system,/topic/law-justice-system/attorney-general-guidance-to-legal-profession,16
/topic/law-justice-system,/topic/law-justice-system/domestic-violence,1
/topic/law-justice-system,/topic/law-justice-system/forced-marriage,1
/topic/law-justice-system,/topic/law-justice-system/statutory-rights,3
/topic/land-registration,/topic/land-registration/business-mortgage-services,4
/topic/land-registration,/topic/land-registration/data,8
/topic/land-registration,/topic/land-registration/practice-guides,94
/topic/land-registration,/topic/land-registration/searches-fees-forms,21
/topic/keeping-farmed-animals,/topic/keeping-farmed-animals/shows-fairs-markets,7
/topic/keeping-farmed-animals,/topic/keeping-farmed-animals/sheep-identity-registration,14
/topic/keeping-farmed-animals,/topic/keeping-farmed-animals/reporting-disease,6
/topic/keeping-farmed-animals,/topic/keeping-farmed-animals/preventing-disease,12
/topic/keeping-farmed-animals,/topic/keeping-farmed-animals/poultry-registration,5
/topic/keeping-farmed-animals,/topic/keeping-farmed-animals/pig-identity-registration-movements,6
/topic/keeping-farmed-animals,/topic/keeping-farmed-animals/import-export,5
/topic/keeping-farmed-animals,/topic/keeping-farmed-animals/deer-farming,2
/topic/keeping-farmed-animals,/topic/keeping-farmed-animals/cattle-movement,20
/topic/keeping-farmed-animals,/topic/keeping-farmed-animals/cattle-identity-registration,41
/topic/keeping-farmed-animals,/topic/keeping-farmed-animals/cattle-deaths,7
/topic/keeping-farmed-animals,/topic/keeping-farmed-animals/bovine-tb,31
/topic/keeping-farmed-animals,/topic/keeping-farmed-animals/animal-welfare,21
/topic/intellectual-property,/topic/intellectual-property/copyright,39
/topic/intellectual-property,/topic/intellectual-property/designs,43
/topic/intellectual-property,/topic/intellectual-property/law-practice,48
/topic/intellectual-property,/topic/intellectual-property/patents,78
/topic/intellectual-property,/topic/intellectual-property/trade-marks,58
/topic/housing,/topic/housing/design-and-sustainability,14
/topic/housing,/topic/housing/freehold-leasehold-property,4
/topic/housing,/topic/housing/funding-programmes,23
/topic/housing,/topic/housing/land-development-opportunities,4
/topic/housing,/topic/housing/party-walls,2
/topic/housing,/topic/housing/procurement-panels,2
/topic/housing,/topic/housing/regulation,14
/topic/housing,/topic/housing/tenancies-leases,3
/topic/higher-education,/topic/higher-education/administration,3
/topic/higher-education,/topic/higher-education/scholarships-for-overseas-students,2
/topic/high-speed-2,/topic/high-speed-2/business,9
/topic/high-speed-2,/topic/high-speed-2/design-development,8
/topic/high-speed-2,/topic/high-speed-2/environment,6
/topic/high-speed-2,/topic/high-speed-2/maps-plans,20
/topic/high-speed-2,/topic/high-speed-2/property,34
/topic/help-british-nationals-overseas,/topic/help-british-nationals-overseas/advice-all-countries,20
/topic/help-british-nationals-overseas,/topic/help-british-nationals-overseas/africa,37
/topic/help-british-nationals-overseas,/topic/help-british-nationals-overseas/antarctica-australia-oceania,6
/topic/help-british-nationals-overseas,/topic/help-british-nationals-overseas/asia,52
/topic/help-british-nationals-overseas,/topic/help-british-nationals-overseas/europe,86
/topic/help-british-nationals-overseas,/topic/help-british-nationals-overseas/middle-east,22
/topic/help-british-nationals-overseas,/topic/help-british-nationals-overseas/north-central-america-caribbean,31
/topic/help-british-nationals-overseas,/topic/help-british-nationals-overseas/south-america,18
/topic/health-protection,/topic/health-protection/services,39
/topic/health-protection,/topic/health-protection/radiation,12
/topic/health-protection,/topic/health-protection/infectious-diseases,106
/topic/health-protection,/topic/health-protection/emergency-response,15
/topic/health-protection,/topic/health-protection/chemical-hazards,5
/topic/government-digital-guidance,/topic/government-digital-guidance/content-publishing,5
/topic/government,/topic/government/devolution,5
/topic/government,/topic/government/european-union-laws-and-regulation,11
/topic/government,/topic/government/government-funding-programmes,24
/topic/government,/topic/government/government-owned-property-land,3
/topic/government,/topic/government/legislative-process,4
/topic/government,/topic/government/national-and-official-statistics,17
/topic/government,/topic/government/public-services,12
/topic/further-education-skills,/topic/further-education-skills/vocational-qualifications,24
/topic/further-education-skills,/topic/further-education-skills/learning-records-service,19
/topic/further-education-skills,/topic/further-education-skills/administration,15
/topic/further-education-skills,/topic/further-education-skills/apprenticeships,206
/topic/farming-food-grants-payments,/topic/farming-food-grants-payments/intervention-schemes,2
/topic/farming-food-grants-payments,/topic/farming-food-grants-payments/private-storage-aid,2
/topic/farming-food-grants-payments,/topic/farming-food-grants-payments/rural-grants-payments,11
/topic/farming-food-grants-payments,/topic/farming-food-grants-payments/school-milk-scheme,5
/topic/farming-food-grants-payments,/topic/farming-food-grants-payments/state-aid,1
/topic/environmental-management,/topic/environmental-management/air-quality,1
/topic/environmental-management,/topic/environmental-management/assessing-environmental-impact,6
/topic/environmental-management,/topic/environmental-management/boating,27
/topic/environmental-management,/topic/environmental-management/chemicals,16
/topic/environmental-management,/topic/environmental-management/environmental-permits,42
/topic/environmental-management,/topic/environmental-management/environmental-risk-management,21
/topic/environmental-management,/topic/environmental-management/fisheries-rod-licensing,28
/topic/environmental-management,/topic/environmental-management/flooding-coastal-change,40
/topic/environmental-management,/topic/environmental-management/land-management,67
/topic/environmental-management,/topic/environmental-management/marine,64
/topic/environmental-management,/topic/environmental-management/nuclear-regulation,19
/topic/environmental-management,/topic/environmental-management/oil-spills,12
/topic/environmental-management,/topic/environmental-management/oil-storage,4
/topic/environmental-management,/topic/environmental-management/waste,76
/topic/environmental-management,/topic/environmental-management/water,52
/topic/environmental-management,/topic/environmental-management/wildlife-habitat-conservation,142
/topic/driving-tests-and-learning-to-drive,/topic/driving-tests-and-learning-to-drive/taxi,10
/topic/driving-tests-and-learning-to-drive,/topic/driving-tests-and-learning-to-drive/specialist,8
/topic/driving-tests-and-learning-to-drive,/topic/driving-tests-and-learning-to-drive/motorcycle,40
/topic/driving-tests-and-learning-to-drive,/topic/driving-tests-and-learning-to-drive/lorry-bus,28
/topic/driving-tests-and-learning-to-drive,/topic/driving-tests-and-learning-to-drive/cars-trailers,10
/topic/driving-tests-and-learning-to-drive,/topic/driving-tests-and-learning-to-drive/car,42
/topic/driving-tests-and-learning-to-drive,/topic/driving-tests-and-learning-to-drive/book-tests,10
/topic/driving-motorcyle-instructors,/topic/driving-motorcyle-instructors/reusing-dvsa-logos-information,2
/topic/driving-motorcyle-instructors,/topic/driving-motorcyle-instructors/motorycle-instructors,22
/topic/driving-motorcyle-instructors,/topic/driving-motorcyle-instructors/large-goods-vehicle-instructors,7
/topic/driving-motorcyle-instructors,/topic/driving-motorcyle-instructors/improving-training-skills,13
/topic/driving-motorcyle-instructors,/topic/driving-motorcyle-instructors/driving-test-policies-rules,7
/topic/driving-motorcyle-instructors,/topic/driving-motorcyle-instructors/booking-tests,8
/topic/driving-motorcyle-instructors,/topic/driving-motorcyle-instructors/approved-driving-instructors,42
/topic/defence-armed-forces,/topic/defence-armed-forces/support-services-veterans-families,97
/topic/defence-armed-forces,/topic/defence-armed-forces/support-services-military-defence-personnel-families,64
/topic/defence-armed-forces,/topic/defence-armed-forces/ministry-of-defence-estate,11
/topic/defence-armed-forces,/topic/defence-armed-forces/military-recruitment-training-operations,30
/topic/defence-armed-forces,/topic/defence-armed-forces/military-equipment-logistics-technology,14
/topic/defence-armed-forces,/topic/defence-armed-forces/military-awards-commemorations,5
/topic/death,/topic/death/death-registration-disclosure,3
/topic/dealing-with-hmrc,/topic/dealing-with-hmrc/tax-compliance,82
/topic/dealing-with-hmrc,/topic/dealing-with-hmrc/tax-avoidance,111
/topic/dealing-with-hmrc,/topic/dealing-with-hmrc/tax-agent-guidance,1065
/topic/dealing-with-hmrc,/topic/dealing-with-hmrc/software-development,124
/topic/dealing-with-hmrc,/topic/dealing-with-hmrc/shared-workspace,13
/topic/dealing-with-hmrc,/topic/dealing-with-hmrc/phishing-scams,5
/topic/dealing-with-hmrc,/topic/dealing-with-hmrc/paying-hmrc,54
/topic/dealing-with-hmrc,/topic/dealing-with-hmrc/complaints-appeals,8
/topic/crime-policing,/topic/crime-policing/criminal-record-disclosure,5
/topic/crime-policing,/topic/crime-policing/policing-crime-prevention,17
/topic/competition,/topic/competition/competition-act-cartels,67
/topic/competition,/topic/competition/consumer-protection,40
/topic/competition,/topic/competition/markets,62
/topic/competition,/topic/competition/mergers,120
/topic/competition,/topic/competition/regulatory-appeals-references,21
/topic/company-registration-filing,/topic/company-registration-filing/closing-company,19
/topic/company-registration-filing,/topic/company-registration-filing/forms,10
/topic/company-registration-filing,/topic/company-registration-filing/running-company,18
/topic/company-registration-filing,/topic/company-registration-filing/starting-company,13
/topic/community-organisations,/topic/community-organisations/community-amateur-sports-clubs,31
/topic/commercial-fishing-fisheries,/topic/commercial-fishing-fisheries/vessel-surveys-inspections,2
/topic/commercial-fishing-fisheries,/topic/commercial-fishing-fisheries/vessel-licensing,14
/topic/commercial-fishing-fisheries,/topic/commercial-fishing-fisheries/vessel-crew-safety-certification,4
/topic/commercial-fishing-fisheries,/topic/commercial-fishing-fisheries/regulations-monitoring-enforcement,71
/topic/commercial-fishing-fisheries,/topic/commercial-fishing-fisheries/funding,12
/topic/coal,/topic/coal/environment,2
/topic/coal,/topic/coal/permits-licences,2
/topic/coal,/topic/coal/reports-data,4
/topic/coal,/topic/coal/property-development,5
/topic/climate-change-energy,/topic/climate-change-energy/climate-change-agreements,10
/topic/climate-change-energy,/topic/climate-change-energy/emissions,13
/topic/climate-change-energy,/topic/climate-change-energy/energy-efficiency,27
/topic/climate-change-energy,/topic/climate-change-energy/energy-infrastructure,3
/topic/climate-change-energy,/topic/climate-change-energy/energy-prices-bills,5
/topic/climate-change-energy,/topic/climate-change-energy/energy-security,4
/topic/climate-change-energy,/topic/climate-change-energy/international-climate-change,2
/topic/climate-change-energy,/topic/climate-change-energy/low-carbon-energy,21
/topic/business-tax,/topic/business-tax/vat,384
/topic/business-tax,/topic/business-tax/tobacco-products-duty,61
/topic/business-tax,/topic/business-tax/stamp-duty-on-shares,19
/topic/business-tax,/topic/business-tax/stamp-taxes,64
/topic/business-tax,/topic/business-tax/self-employed,67
/topic/business-tax,/topic/business-tax/pension-scheme-administration,189
/topic/business-tax,/topic/business-tax/paye,216
/topic/business-tax,/topic/business-tax/money-laundering-regulations,41
/topic/business-tax,/topic/business-tax/life-insurance-policies,3
/topic/business-tax,/topic/business-tax/large-midsize-business-guidance,13
/topic/business-tax,/topic/business-tax/landfill-tax,41
/topic/business-tax,/topic/business-tax/ir35,7
/topic/business-tax,/topic/business-tax/investment-schemes,59
/topic/business-tax,/topic/business-tax/international-tax,190
/topic/business-tax,/topic/business-tax/insurance-premium-tax,11
/topic/business-tax,/topic/business-tax/import-export,625
/topic/business-tax,/topic/business-tax/gambling-duties,48
/topic/business-tax,/topic/business-tax/fuel-duty,91
/topic/business-tax,/topic/business-tax/employment-related-securities,31
/topic/business-tax,/topic/business-tax/corporation-tax,142
/topic/business-tax,/topic/business-tax/construction-industry-scheme,28
/topic/business-tax,/topic/business-tax/climate-change-levy,44
/topic/business-tax,/topic/business-tax/capital-allowances,14
/topic/business-tax,/topic/business-tax/alcohol-duties,90
/topic/business-tax,/topic/business-tax/air-passenger-duty,18
/topic/business-tax,/topic/business-tax/aggregates-levy,33
/topic/business-enterprise,/topic/business-enterprise/business-auditing-accounting-reporting,11
/topic/business-enterprise,/topic/business-enterprise/european-regional-development-funding,7
/topic/business-enterprise,/topic/business-enterprise/export-finance,16
/topic/business-enterprise,/topic/business-enterprise/farming,13
/topic/business-enterprise,/topic/business-enterprise/licensing,8
/topic/business-enterprise,/topic/business-enterprise/manufacturing,47
/topic/business-enterprise,/topic/business-enterprise/scientific-research-and-development,9
/topic/business-enterprise,/topic/business-enterprise/importing-exporting,28
/topic/benefits-credits,/topic/benefits-credits/child-benefit,42
/topic/benefits-credits,/topic/benefits-credits/tax-credits,44
/topic/benefits-credits,/topic/benefits-credits/universal-credit,2
/topic/animal-welfare,/topic/animal-welfare/pets,5
